LocationID,ShipToNumber,StoreBrand,FuelBrand,ShipToCity,ShipToState,ShipToCountry,Latitude,Longitude
-1,000000000,NULL,NULL,NULL,NULL,NULL,NULL,NULL
1,0012137612,Sunoco,Sunoco,HANOVER,MA,US,42.153127,-70.84628
2,0012149112,Sunoco,Sunoco,BLUE BELL,PA,US,40.167265,-75.289933
3,0012171509,Sunoco,Sunoco,DUNN LORING,VA,US,38.900922,-77.224057
4,0012232507,Sunoco,Sunoco,POTTSTOWN,PA,US,40.230498,-75.628821
5,0012233309,Sunoco,Sunoco,NEW CASTLE,DE,US,39.66301,-75.63777
6,0012247313,Sunoco,Sunoco,NORTH HAVEN,CT,US,41.349558,-72.869099
7,0012259805,Sunoco,Sunoco,HANSON,MA,US,42.06589,-70.86717
8,0012269707,Sunoco,Sunoco,MOUNT LAUREL,NJ,US,39.941315,-74.938341
9,0012304212,Sunoco,Sunoco,MATAWAN,NJ,US,40.42382,-74.26986
10,0012328106,Sunoco,Sunoco,FEASTERVILLE,PA,US,40.154311,-75.009153
11,0012335606,Sunoco,Sunoco,OAKHURST,NJ,US,40.267388,-74.041927
12,0012346317,Sunoco,Sunoco,ABINGTON,MA,US,42.110168,-70.932198
13,0012355407,Sunoco,Sunoco,WEST CONSHOHOCKEN,PA,US,40.068124,-75.309374
14,0012361206,Sunoco,Sunoco,PEABODY,MA,US,42.517553,-70.943713
15,0012365304,Sunoco,Sunoco,NORWELL,MA,US,42.167189,-70.888575
16,0012448705,Sunoco,Sunoco,HIGHTSTOWN,NJ,US,40.272192,-74.53843
17,0012449504,Sunoco,Sunoco,HARRISBURG,PA,US,40.323816,-76.790565
18,0012459408,Sunoco,Sunoco,WAKEFIELD,MA,US,42.512002,-71.042082
19,0012476802,Sunoco,Sunoco,NASHUA,NH,US,42.778509,-71.496396
20,0012482608,Sunoco,Sunoco,NORTH EASTON,MA,US,42.023582,-71.119723
21,0012527812,Sunoco,Sunoco,AMBLER,PA,US,40.212063,-75.18544
22,0012550003,Sunoco,Sunoco,BELLINGHAM,MA,US,42.11401,-71.47202
23,0012600311,Sunoco,Sunoco,VALLEY STREAM,NY,US,40.676765,-73.683406
24,0012613603,Sunoco,Sunoco,WEST CALDWELL,NJ,US,40.851999,-74.294798
25,0012850404,Sunoco,Sunoco,MONTGOMERY TOWNSHIP,NJ,US,40.39145,-74.65382
26,0012895902,Sunoco,Sunoco,BENSALEM,PA,US,40.105216,-74.938789
27,0012896708,Sunoco,Sunoco,NEWBURYPORT,MA,US,42.82019,-70.90882
28,0012923904,Sunoco,Sunoco,FEASTERVILLE,PA,US,40.14614,-74.99443
29,0012932009,Sunoco,Sunoco,FRAZER,PA,US,40.05218,-75.52695
30,0012956909,Sunoco,Sunoco,TREVOSE,PA,US,40.156183,-74.971071
31,0013003908,Sunoco,Sunoco,LAUREL SPRING,NJ,US,39.820811,-75.040849
32,0013012011,Sunoco,Sunoco,HUNTINGDON VALLEY,PA,US,40.123428,-75.043558
33,0013035110,Sunoco,Sunoco,NORWOOD,PA,US,39.88701,-75.3012
34,0013040106,Sunoco,Sunoco,SMITHFIELD,RI,US,41.881923,-71.5405
35,0013053408,Sunoco,Sunoco,GLEN BURNIE,MD,US,39.141498,-76.629348
36,0013079908,Sunoco,Sunoco,HUNTINGTON,NY,US,40.876967,-73.422883
37,0013330605,Sunoco,Sunoco,HARRISBURG,PA,US,40.279296,-76.815746
38,0013407214,Sunoco,Sunoco,LINDENWOLD,NJ,US,39.804498,-75.024045
39,0013454408,Sunoco,Sunoco,KENNETT SQUARE,PA,US,39.86399,-75.71655
40,0013459306,Sunoco,Sunoco,NEW BEDFORD,MA,US,41.655875,-70.922766
41,0013460103,Sunoco,Sunoco,NEWARK,NJ,US,40.7261,-74.15383
42,0013554105,Sunoco,Sunoco,READING,PA,US,40.298735,-75.945933
43,0013556609,Sunoco,Sunoco,OWINGS MILLS,MD,US,39.426618,-76.789311
44,0013625903,Sunoco,Sunoco,UNIONTOWN,PA,US,39.905625,-79.738788
45,0013629107,Sunoco,Sunoco,MYERSVILLE,MD,US,39.49924,-77.568
46,0013680409,Sunoco,Sunoco,CHADDS FORD,PA,US,39.853125,-75.64078
47,0013766106,Sunoco,Sunoco,FALLS CHURCH,VA,US,38.875492,-77.22243
48,0013798406,Sunoco,Sunoco,DOYLESTOWN,PA,US,40.325982,-75.129872
49,0013850309,Sunoco,Sunoco,PRINCETON,NJ,US,40.41878,-74.584614
50,0013873507,Sunoco,Sunoco,PHILADELPHIA,PA,US,40.064271,-75.020828
51,0013923806,Sunoco,Sunoco,STATEN ISLAND,NY,US,40.558823,-74.198192
52,0013998008,Sunoco,Sunoco,HARRISBURG,PA,US,40.241884,-76.806885
53,0014021002,Sunoco,Sunoco,TIMONIUM,MD,US,39.439326,-76.631331
54,0014063210,Sunoco,Sunoco,ALIQUIPPA,PA,US,40.635499,-80.317934
55,0014099615,Sunoco,Sunoco,BROOKLYN,NY,US,40.601284,-74.004866
56,0014102808,Sunoco,Sunoco,EXTON,PA,US,40.025184,-75.645845
57,0014107704,Sunoco,Sunoco,SPENCER,MA,US,0,0
58,0014119203,Sunoco,Sunoco,NORTH EAST,MD,US,39.60874,-75.94802
59,0014287702,Sunoco,Sunoco,CAMBRIDGE,MA,US,42.387408,-71.141967
60,0014318006,Sunoco,Sunoco,GLEN COVE,NY,US,40.862651,-73.632274
61,0014330503,Sunoco,Sunoco,BENSALEM,PA,US,40.121392,-74.961707
62,0488820200,Sunoco,Sunoco,LEESVILLE,SC,US,33.915998,-81.512712
63,0530457100,Sunoco,Sunoco,COLUMBIA,SC,US,33.90974,-81.20053
64,0928630300,Sunoco,Sunoco,COLUMBIA,SC,US,34.064959,-81.219704
65,0254281900,Sunoco,Sunoco,COLUMBIA,SC,US,34.0513155,-80.9455234
66,0886229400,Sunoco,Sunoco,BEAUFORT,SC,US,32.407214,-80.7346742
67,0813199700,Sunoco,Sunoco,IRMO,SC,US,34.142016,-81.235787
68,0014550800,Sunoco,Sunoco,LEXINGTON,SC,US,0,0
69,0151018900,Sunoco,Sunoco,LEXINGTON,SC,US,33.97885,-81.19903
70,0305129900,Sunoco,Sunoco,COLUMBIA,SC,US,34.071916,-80.949296
71,0906976600,Sunoco,Sunoco,COLUMBIA,SC,US,34.112936,-80.892014
72,0567555800,Sunoco,Sunoco,PELION,SC,US,33.77771,-81.23881
73,0014900503,Sunoco,Sunoco,BROCKTON,MA,US,42.09613,-71.009799
74,0014902108,Sunoco,Sunoco,STATEN ISLAND,NY,US,40.56071,-74.16284
75,0015161301,Sunoco,Sunoco,WOODCLIFF LAKE,NJ,US,41.03944,-74.074844
76,0015416101,Sunoco,Sunoco,WESTMORELAND,NY,US,43.12511,-75.413878
77,0015423703,Sunoco,Sunoco,SYRACUSE,NY,US,43.091253,-76.100256
78,0015424502,Sunoco,Sunoco,CANASTOTA,NY,US,43.09601,-75.842394
79,0015750302,Sunoco,Sunoco,YONKERS,NY,US,40.935302,-73.887567
80,0016823701,Sunoco,Sunoco,PHILADELPHIA,PA,US,40.095647,-74.977006
81,0016835100,Sunoco,Sunoco,ENGLEWOOD,OH,US,39.862009,-84.283885
82,0017901001,Sunoco,Sunoco,SUMMIT,NJ,US,40.721892,-74.335863
83,0018291502,Sunoco,Sunoco,WALTHAM,MA,US,0,0
84,0015547302,Sunoco,Sunoco,EAST WEYMOUTH,MA,US,42.229577,-70.943684
85,0435611900,Sunoco,Sunoco,BROOKLINE,NH,US,42.723213,-71.662166
86,0443420500,Sunoco,Sunoco,SOMERS,NY,US,41.303,-73.698999
87,0108073800,Sunoco,Sunoco,SOUTH PORTLAND,ME,US,43.6366,-70.332499
88,0794564500,Sunoco,Sunoco,MILFORD,PA,US,41.340035,-74.840644
89,0171120900,Sunoco,Sunoco,WESTBURY,NY,US,40.7562,-73.5817
90,0352762900,Sunoco,Sunoco,LANCASTER,PA,US,40.081158,-76.2366763
91,0175665900,Sunoco,Sunoco,WIND GAP,PA,US,40.836994,-75.2960595
92,0803441500,Sunoco,Sunoco,STROUDSBURG,PA,US,40.99728,-75.3591213
93,0921446100,Sunoco,Sunoco,BELLEVILLE,PA,US,40.604539,-77.725594
94,0812145100,Sunoco,Sunoco,WATERVILLE,ME,US,44.52102,-69.66807
95,0298000100,Sunoco,Sunoco,SHOEMAKERSVILLE,PA,US,40.513818,-75.966823
96,0645789900,Sunoco,Sunoco,LAVELLE,PA,US,40.76084,-76.38265
97,0120754700,Sunoco,Sunoco,RANSHAW,PA,US,40.78762,-76.52194
98,0144309200,Sunoco,Sunoco,WEST LAWN,PA,US,40.327862,-75.987961
99,0364646000,Sunoco,Sunoco,MANHEIM,PA,US,0,0
100,0555488600,Sunoco,Sunoco,MECHANICVILLE,NY,US,42.90386,-73.68761
101,0188897300,Sunoco,Sunoco,DARIEN,CT,US,41.09054,-73.45571
102,0279762900,Sunoco,Sunoco,NORTH MADISON,CT,US,41.358672,-72.637881
103,0689177400,Sunoco,Sunoco,WORCESTER,MA,US,42.26246,-71.79298
104,0157860800,Sunoco,Sunoco,NORWALK,CT,US,41.12726,-73.38587
105,0298794900,Sunoco,Sunoco,RAYNHAM,MA,US,41.904903,-71.059006
106,0656567500,Sunoco,Sunoco,MIDDLEBORO,MA,US,41.884583,-70.918953
107,0709679500,Sunoco,Sunoco,WARWICK,RI,US,41.72127,-71.48319
108,0599909900,Sunoco,Sunoco,WARREN,RI,US,41.73377,-71.27374
109,0239262900,Sunoco,Sunoco,FALL RIVER,MA,US,41.67695,-71.1806
110,0267029700,Sunoco,Sunoco,HOLLIS,NH,US,42.742781,-71.590152
111,0267031300,Sunoco,Sunoco,JAFFREY,NH,US,42.816791,-72.019473
112,0267032100,Sunoco,Sunoco,CONTOOCOOK,NH,US,43.222374,-71.713005
113,0267254100,Sunoco,Sunoco,NORWICH,NY,US,42.55255,-75.5259
114,0267321800,Sunoco,Sunoco,SANFORD,ME,US,43.442603,-70.773939
115,0267539500,Sunoco,Sunoco,NEWBURGH,NY,US,41.522585,-74.063648
116,0267541100,Sunoco,Sunoco,GREENVILLE,NY,US,42.492901,-73.991601
117,0267542900,Sunoco,Sunoco,CATSKILL,NY,US,42.243983,-73.886562
118,0267544500,Sunoco,Sunoco,ATHENS,NY,US,42.291198,-73.853202
119,0267545200,Sunoco,Sunoco,COXSACKIE,NY,US,42.393465,-73.82967
120,0348525700,Sunoco,Sunoco,WALTHAM,MA,US,42.3733,-71.262854
121,0939942900,Sunoco,Sunoco,ORLEANS,MA,US,41.786869,-69.98781
122,0352305700,Sunoco,Sunoco,WOBURN,MA,US,42.50363,-71.13386
123,0353078900,Sunoco,Sunoco,ILION,NY,US,43.022371,-75.051617
124,0353136500,Sunoco,Sunoco,LEWISTON,ME,US,44.076799,-70.186797
125,0947648200,Sunoco,Sunoco,MAHOPAC,NY,US,41.37248,-73.73379
126,0354710600,Sunoco,Sunoco,FORT EDWARD,NY,US,43.251935,-73.668798
127,0354717100,Sunoco,Sunoco,HOPEWELL JUNCTION,NY,US,41.60408,-73.72909
128,0354790800,Sunoco,Sunoco,FITCHBURG,MA,US,42.568204,-71.816138
129,0964418800,Sunoco,Sunoco,HARTFORD,CT,US,41.737454,-72.671359
130,0965091200,Sunoco,Sunoco,PROVIDENCE,RI,US,41.847475,-71.395596
131,0245759600,Sunoco,Sunoco,SOUTHINGTON,CT,US,41.61525,-72.89907
132,0332896000,Sunoco,Sunoco,KULPMONT,PA,US,40.79462,-76.46698
133,0312517600,Sunoco,Sunoco,LEWISTOWN,PA,US,40.61567,-77.56827
134,0736116500,Sunoco,Sunoco,CUMBERLAND CENTER,ME,US,43.797137,-70.30668
135,0335419800,Sunoco,Sunoco,KENNEBUNKPORT,ME,US,43.424435,-70.514427
136,0308862200,Sunoco,Sunoco,WEST GREENWICH,RI,US,41.653386,-71.604853
137,0522863000,Sunoco,Sunoco,ESSEX,CT,US,41.35164,-72.40539
138,0770670800,Sunoco,Sunoco,CHESHIRE,CT,US,41.48326,-72.90589
139,0873535900,Sunoco,Sunoco,LEVITTOWN,NY,US,40.70887,-73.50234
140,0388384000,Sunoco,Sunoco,MANHASSET,NY,US,40.7996,-73.70083
141,0965780000,Sunoco,Sunoco,BABYLON,NY,US,40.74218,-73.30785
142,0049612500,Sunoco,Sunoco,FLUSHING,NY,US,40.75945,-73.800066
143,0120964200,Sunoco,Sunoco,GREAT NECK,NY,US,40.782264,-73.733861
144,0899271100,Sunoco,Sunoco,WAPPINGERS FALLS,NY,US,41.591517,-73.909015
145,0899055800,Sunoco,Sunoco,WYANDANCH,NY,US,40.755049,-73.360254
146,0287954200,Sunoco,Sunoco,SALEM,NH,US,42.781743,-71.229616
147,0302786900,Sunoco,Sunoco,BOALSBURG,PA,US,40.777422,-77.790636
148,0975167800,Sunoco,Sunoco,STONY BROOK,NY,US,40.922983,-73.127065
149,0890138100,Sunoco,Sunoco,OTEGO,NY,US,42.38241,-75.1814
150,0833364300,Sunoco,Sunoco,FULTONVILLE,NY,US,42.948854,-74.360484
151,0059545400,Sunoco,Sunoco,HUGHESVILLE,PA,US,41.2461,-76.71963
152,0822014700,Sunoco,Sunoco,SCHENECTADY,NY,US,42.77322,-73.82519
153,0892966300,Sunoco,Sunoco,DAYVILLE,CT,US,41.84597,-71.8876
154,0242898500,Sunoco,Sunoco,ENFIELD,CT,US,42.00752,-72.59281
155,0373378900,Sunoco,Sunoco,WELLSVILLE,PA,US,40.06483,-76.91665
156,0955585500,Sunoco,Sunoco,WARWICK,RI,US,41.702165,-71.385825
157,0195380100,Sunoco,Sunoco,WEST WARWICK,RI,US,41.683346,-71.500844
158,0930729900,Sunoco,Sunoco,SAUGERTIES,NY,US,42.080775,-73.959732
159,0302369400,Sunoco,Sunoco,GUILDERLAND,NY,US,42.71414,-73.93157
160,0976709600,Sunoco,Sunoco,NEWTOWN,CT,US,41.396717,-73.293559
161,0056283500,Sunoco,Sunoco,NEW HAVEN,CT,US,41.337631,-72.977005
162,0073773400,Sunoco,Sunoco,HUDSON,NY,US,42.2578,-73.76617
163,0131070500,Sunoco,Sunoco,BATH,PA,US,40.77746,-75.37044
164,0329531800,Sunoco,Sunoco,BANGOR,PA,US,40.869379,-75.207307
165,0472910900,Sunoco,Sunoco,SAYLORSBURG,PA,US,40.895823,-75.324314
166,0630678100,Sunoco,Sunoco,MOUNT BETHEL,PA,US,40.90678,-75.109862
167,0248037400,Sunoco,Sunoco,SOUTHAMPTON,MA,US,42.22354,-72.73161
168,0256765900,Sunoco,Sunoco,DERRY,PA,US,40.339427,-79.3151613
169,0406434100,Sunoco,Sunoco,NAUGATUCK,CT,US,41.469031,-73.028929
170,0371804600,Sunoco,Sunoco,SCITUATE,RI,US,41.825776,-71.670001
171,0371807900,Sunoco,Sunoco,THOMASTON,CT,US,41.65654,-73.089999
172,0342380300,Sunoco,Sunoco,PLAINFIELD,CT,US,41.672612,-71.914758
173,0366512200,Sunoco,Sunoco,REDDING,CT,US,41.293518,-73.343087
174,0366545200,Sunoco,Sunoco,WEARE,NH,US,43.05572,-71.71389
175,0366581700,Sunoco,Sunoco,CANAJOHARIE,NY,US,42.906601,-74.574162
176,0366609600,Sunoco,Sunoco,TROY,NH,US,42.830428,-72.185044
177,0368228300,Sunoco,Sunoco,DANVILLE,NH,US,42.912425,-71.123607
178,0809865900,Sunoco,Sunoco,PINE BUSH,NY,US,41.59719,-74.28289
179,0084058700,Sunoco,Sunoco,BLOOMSBURG,PA,US,41.02911,-76.35031
180,0621280700,Sunoco,Sunoco,E STROUDSBURG,PA,US,41.05081,-75.10777
181,0130564800,Sunoco,Sunoco,BELLPORT,NY,US,40.77418,-72.94309
182,0018569400,Sunoco,Sunoco,MASSAPEQUA,NY,US,40.666915,-73.476192
183,0230288300,Sunoco,Sunoco,LOGANTON,PA,US,41.05269,-77.17899
184,0285184800,Sunoco,Sunoco,BOICEVILLE,NY,US,42.008373,-74.267861
185,0411421100,Sunoco,Sunoco,POUGHKEEPSIE,NY,US,41.655271,-73.874916
186,0411538200,Sunoco,Sunoco,NEW WINDSOR,NY,US,41.476972,-74.023498
187,0058856600,Sunoco,Sunoco,PELHAM,NY,US,40.91589,-73.81002
188,0289892200,Sunoco,Sunoco,LEXINGTON,MA,US,42.43993,-71.25052
189,0457351500,Sunoco,Sunoco,HACKENSACK,NJ,US,40.86824,-74.03816
190,0214167900,Sunoco,Sunoco,EAST PROVIDENCE,RI,US,41.81265,-71.36488
191,0510160500,Sunoco,Sunoco,BIRDSBORO,PA,US,40.26527,-75.80801
192,0421780800,Sunoco,Sunoco,NORTH ADAMS,MA,US,42.69279,-73.10761
193,0721873800,Sunoco,Sunoco,HARTFORD,CT,US,41.79016,-72.66153
194,0273744300,Sunoco,Sunoco,REHRERSBURG,PA,US,40.44822,-76.2328
195,0062939400,Sunoco,Sunoco,MOUNT AETNA,PA,US,40.416021,-76.297924
196,0483011300,Sunoco,Sunoco,MINEOLA,NY,US,0,0
197,0845973700,Sunoco,Sunoco,PEMBROKE,MA,US,42.09017,-70.7918
198,0505840900,Sunoco,Sunoco,NASHUA,NH,US,42.714771,-71.506955
199,0516787900,Sunoco,Sunoco,ALLENTOWN,PA,US,40.59218,-75.58761
200,0052527900,Sunoco,Sunoco,MORGANTOWN,PA,US,0,0
201,0540742400,Sunoco,Sunoco,RINDGE,NH,US,42.76032,-72.01692
202,0182863100,Sunoco,Sunoco,LARCHMONT,NY,US,40.928971,-73.763924
203,0198407900,Sunoco,Sunoco,CRALEY,PA,US,0,0
204,0198447500,Sunoco,Sunoco,EBENSBURG,PA,US,40.48535,-78.724366
205,0214750200,Sunoco,Sunoco,WEST HARTFORD,CT,US,41.730777,-72.717655
206,0723687000,Sunoco,Sunoco,HAWLEY,PA,US,41.35628,-75.053796
207,0275431500,Sunoco,Sunoco,HIGHLAND,NY,US,41.696819,-73.967722
208,0276563400,Sunoco,Sunoco,SOMERS,CT,US,41.986309,-72.484416
209,0276592300,Sunoco,Sunoco,NEW FAIRFIELD,CT,US,41.47073,-73.471
210,0863206900,Sunoco,Sunoco,CARMEL,NY,US,41.4367,-73.682353
211,0297244600,Sunoco,Sunoco,SHEFFIELD,MA,US,42.105061,-73.355315
212,0298163700,Sunoco,Sunoco,NORWALK,CT,US,41.105485,-73.428775
213,0387822000,Sunoco,Sunoco,FREEVILLE,NY,US,42.472019,-76.400596
214,0216751800,Sunoco,Sunoco,OXFORD,CT,US,41.42813,-73.11019
215,0257295600,Sunoco,Sunoco,STRATFORD,CT,US,41.18714,-73.13437
216,0422895300,Sunoco,Sunoco,SUTTON,MA,US,42.161146,-71.737381
217,0508778800,Sunoco,Sunoco,REINHOLDS,PA,US,40.26525,-76.109618
218,0922806500,Sunoco,Sunoco,BELLEFONTE,PA,US,40.9159154,-77.6798165
219,0112967500,Sunoco,Sunoco,ST CLAIR,PA,US,40.732757,-76.196195
220,0111666400,Sunoco,Sunoco,ORANGEVILLE,PA,US,41.08828,-76.40631
221,0578177800,Sunoco,Sunoco,SHERMANS DALE,PA,US,40.3167993,-77.157739
222,0005270406,Sunoco,Sunoco,WEST PEABODY,MA,US,42.54192,-70.9748
223,0006067304,Sunoco,Sunoco,PAWTUCKET,RI,US,41.885068,-71.368972
224,0069157600,Sunoco,Sunoco,MARIETTA,PA,US,40.06117,-76.568501
225,0551631500,Sunoco,Sunoco,LANCASTER,PA,US,40.051329,-76.290563
226,0083147900,Sunoco,Sunoco,DANBURY,CT,US,41.387803,-73.494723
227,0577263700,Sunoco,Sunoco,HAVERSTRAW,NY,US,41.198882,-73.982181
228,0592461800,Sunoco,Sunoco,WILLINGTON,CT,US,41.897101,-72.288587
229,0228260600,Sunoco,Sunoco,GREAT BARRINGTON,MA,US,42.201584,-73.349684
230,0244160800,Sunoco,Sunoco,EASTHAMPTON,MA,US,42.264836,-72.667014
231,0247816200,Sunoco,Sunoco,BRISTOL,CT,US,41.682307,-72.942722
232,0766099600,Sunoco,Sunoco,WETHERSFIELD,CT,US,41.705801,-72.701215
233,0261906203,Sunoco,Sunoco,BERWICK,PA,US,41.04749,-76.26951
234,0880946900,Sunoco,Sunoco,WARWICK,RI,US,41.727136,-71.439007
235,0881291900,Sunoco,Sunoco,MANCHESTER,CT,US,41.81054,-72.52187
236,0887004000,Sunoco,Sunoco,HANOVER,MA,US,42.11301,-70.817464
237,0979595600,Sunoco,Sunoco,ORONO,ME,US,44.892597,-68.661629
238,0063183800,Sunoco,Sunoco,DALLASTOWN,PA,US,39.89936,-76.63295
239,0916173800,Sunoco,Sunoco,CORAM,NY,US,40.85979,-72.99858
240,0520236100,Sunoco,Sunoco,PAWTUCKET,RI,US,41.89407,-71.35404
241,0523900900,Sunoco,Sunoco,STEWARTSTOWN,PA,US,0,0
242,0334806700,Sunoco,Sunoco,GARDNER,MA,US,42.56588,-71.979934
243,0389582800,Sunoco,Sunoco,STRASBURG,PA,US,39.98943,-76.180463
244,0658946900,Sunoco,Sunoco,RED HOOK,NY,US,41.995817,-73.875259
245,0100656800,Sunoco,Sunoco,CLYMER,PA,US,40.66804,-79.0119421
246,0452057300,Sunoco,Sunoco,AUBURN,NH,US,43.024318,-71.367775
247,0453273500,Sunoco,Sunoco,EAST HARTFORD,CT,US,41.764961,-72.658933
248,0457340800,Sunoco,Sunoco,EPPING,NH,US,43.029545,-71.073525
249,0457540300,Sunoco,Sunoco,KERHONKSON,NY,US,41.774799,-74.298899
250,0457581700,Sunoco,Sunoco,FULTON,NY,US,43.327395,-76.417075
251,0457557700,Sunoco,Sunoco,ELLINGTON,CT,US,41.867894,-72.494096
252,0470798000,Sunoco,Sunoco,AGAWAM,MA,US,42.046235,-72.615968
253,0364253500,Sunoco,Sunoco,YORK SPRINGS,PA,US,40.00667,-77.1023
254,0877350900,Sunoco,Sunoco,EAST ISLIP,NY,US,40.732868,-73.183374
255,0461732000,Sunoco,Sunoco,STEELTON,PA,US,40.23346,-76.83772
256,0378506000,Sunoco,Sunoco,CARLSTADT,NJ,US,40.839379,-74.083818
257,0779066000,Sunoco,Sunoco,SNOW SHOE,PA,US,41.02683,-77.93486
258,0893322800,Sunoco,Sunoco,PUTNAM,CT,US,41.918042,-71.90502
259,0515640100,Sunoco,Sunoco,FLANDERS,NJ,US,40.84408,-74.70422
260,0517942900,Sunoco,Sunoco,GLENVILLE,NY,US,42.86885,-73.93276
261,0013291000,Sunoco,Sunoco,RANDOLPH,ME,US,44.22895,-69.76531
262,0229968300,Sunoco,Sunoco,BURNT HILLS,NY,US,42.9098,-73.89879
263,0104145800,Sunoco,Sunoco,WATERVLIET,NY,US,42.70686,-73.7125
264,0985654300,Sunoco,Sunoco,SARATOGA SPRINGS,NY,US,43.0712,-73.7881
265,0239912900,Sunoco,Sunoco,HOLLIDAYSBURG,PA,US,40.43022,-78.39151
266,0189074800,Sunoco,Sunoco,SCHENECTADY,NY,US,42.77091,-73.89317
267,0181450800,Sunoco,Sunoco,ETTERS,PA,US,40.13166,-76.79532
268,0995352200,Sunoco,Sunoco,LORTON,VA,US,38.70542,-77.22239
269,0990544900,Sunoco,Sunoco,BINGHAMTON,NY,US,42.19254,-75.87878
270,0755434800,Sunoco,Sunoco,GREENWOOD LAKE,NY,US,41.226181,-74.290486
271,0623923000,Sunoco,Sunoco,NEWTON,NH,US,42.866691,-71.037438
272,0153593900,Sunoco,Sunoco,PLEASANTVILLE,NY,US,41.140197,-73.779034
273,0657879300,Sunoco,Sunoco,PORTLAND,ME,US,43.687765,-70.292866
274,0666027800,Sunoco,Sunoco,QUINCY,MA,US,42.255804,-71.031898
275,0667968200,Sunoco,Sunoco,GRAY,ME,US,43.88402,-70.332521
276,0268224300,Sunoco,Sunoco,WORCESTER,MA,US,42.241779,-71.754576
277,0268231800,Sunoco,Sunoco,WEST WARREN,MA,US,42.21527,-72.20566
278,0268235900,Sunoco,Sunoco,SACO,ME,US,43.499563,-70.449215
279,0268239100,Sunoco,Sunoco,MANCHESTER,CT,US,41.784896,-72.500555
280,0268241700,Sunoco,Sunoco,NORTH HAVEN,CT,US,41.423001,-72.839298
281,0268245800,Sunoco,Sunoco,WEST WARWICK,RI,US,41.7194,-71.525199
282,0268269800,Sunoco,Sunoco,HARRISVILLE,RI,US,41.973976,-71.610249
283,0268292000,Sunoco,Sunoco,NEW BEDFORD,MA,US,41.64982,-70.935519
284,0268296100,Sunoco,Sunoco,DRYDEN,NY,US,42.490482,-76.299716
285,0268297900,Sunoco,Sunoco,MARATHON,NY,US,42.441305,-76.032324
286,0268305000,Sunoco,Sunoco,BINGHAMTON,NY,US,42.117934,-75.901632
287,0268306800,Sunoco,Sunoco,BAINBRIDGE,NY,US,42.290823,-75.473608
288,0268307600,Sunoco,Sunoco,WINDSOR,NY,US,42.076318,-75.643699
289,0268308400,Sunoco,Sunoco,OWEGO,NY,US,42.10592,-76.264033
290,0268577400,Sunoco,Sunoco,NORWICH,CT,US,41.498528,-72.097307
291,0274612100,Sunoco,Sunoco,NORTHFORD,CT,US,41.389408,-72.792653
292,0274697200,Sunoco,Sunoco,CAZENOVIA,NY,US,42.929834,-75.84916
293,0274699800,Sunoco,Sunoco,BINGHAMTON,NY,US,42.148397,-75.887699
294,0360673800,Sunoco,Sunoco,PITTSFIELD,MA,US,42.459014,-73.20965
295,0360704100,Sunoco,Sunoco,RENSSELAER,NY,US,42.63922,-73.74507
296,0999133200,Sunoco,Sunoco,BENNINGTON,NH,US,42.994103,-71.92765
297,0107304800,Sunoco,Sunoco,PUTNAM,CT,US,41.920286,-71.907177
298,0656717600,Sunoco,Sunoco,SOUTH BERWICK,ME,US,43.23262,-70.80855
299,0189671100,Sunoco,Sunoco,LINCOLN,ME,US,45.3551,-68.53032
300,0711846600,Sunoco,Sunoco,STAFFORD SPRINGS,CT,US,41.952992,-72.303857
301,0736077900,Sunoco,Sunoco,LEMOYNE,PA,US,40.23623,-76.8968
302,0790521900,Sunoco,Sunoco,BAY SHORE,NY,US,40.74562,-73.24123
303,0854678000,Sunoco,Sunoco,WEBSTER,MA,US,42.057073,-71.870319
304,0382537900,Sunoco,Sunoco,SCARSDALE,NY,US,40.977392,-73.805685
305,0405428400,Sunoco,Sunoco,WAPPINGERS FALLS,NY,US,0,0
306,0338848500,Sunoco,Sunoco,WINDSOR,CT,US,41.85283,-72.66654
307,0884118100,Sunoco,Sunoco,PORTLAND,CT,US,41.5685,-72.62631
308,0106869100,Sunoco,Sunoco,LENOX,MA,US,42.35949,-73.28391
309,0145848800,Sunoco,Sunoco,HADDAM,CT,US,41.445821,-72.4738
310,0891100000,Sunoco,Sunoco,ALUM BANK,PA,US,40.178301,-78.610631
311,0236645800,Sunoco,Sunoco,MILTON,PA,US,41.019135,-76.794621
312,0609274600,Sunoco,Sunoco,HAZLETON,PA,US,40.9478647,-75.9805479
313,0274611300,Sunoco,Sunoco,TORRINGTON,CT,US,41.811719,-73.10246
314,0268587300,Sunoco,Sunoco,BERLIN,CT,US,41.580711,-72.765874
315,0268594900,Sunoco,Sunoco,WATERBURY,CT,US,0,0
316,0649658200,Sunoco,Sunoco,JOHNSTON,RI,US,41.834389,-71.562853
317,0549849800,Sunoco,Sunoco,MILFORD,CT,US,41.234551,-73.027043
318,0554846600,Sunoco,Sunoco,SPRING VALLEY,NY,US,41.127771,-74.041105
319,0387878200,Sunoco,Sunoco,PAWCATUCK,CT,US,41.374118,-71.849148
320,0342398500,Sunoco,Sunoco,HARTFORD,CT,US,0,0
321,0342689700,Sunoco,Sunoco,FAIRFIELD,CT,US,41.158609,-73.243402
322,0018391301,Sunoco,Sunoco,EAST HARTFORD,CT,US,0,0
323,0018479600,Sunoco,Sunoco,CHEEKTOWAGA,NY,US,0,0
324,0267414100,Sunoco,Sunoco,LOCKPORT,NY,US,43.180937,-78.645655
325,0266996800,Sunoco,Sunoco,WEST SENECA,NY,US,42.845545,-78.796972
326,0266997600,Sunoco,Sunoco,ORCHARD PARK,NY,US,42.792976,-78.756124
327,0267000800,Sunoco,Sunoco,CHEEKTOWAGA,NY,US,42.907503,-78.758694
328,0267005700,Sunoco,Sunoco,DERBY,NY,US,42.703871,-78.974889
329,0267011500,Sunoco,Sunoco,HAMBURG,NY,US,42.73304,-78.812824
330,0368227501,Sunoco,Sunoco,WEST SENECA,NY,US,42.812167,-78.763731
331,0387907900,Sunoco,Sunoco,NEWFANE,NY,US,43.24042,-78.75919
332,0179092200,Sunoco,Sunoco,BUFFALO,NY,US,42.922065,-78.828749
333,0002778900,Sunoco,Sunoco,SANBORN,NY,US,43.12867,-78.837505
334,0230315400,Sunoco,Sunoco,JAMESTOWN,NY,US,42.100639,-79.230176
335,0590990800,Sunoco,Sunoco,BUFFALO,NY,US,42.879231,-78.85408
336,0992468900,Sunoco,Sunoco,ROCHESTER,NY,US,43.152186,-77.627753
337,0988942900,Sunoco,Sunoco,BOWMANSVILLE,NY,US,42.94423,-78.67701
338,0297018400,Sunoco,Sunoco,SENECA FALLS,NY,US,42.90865,-76.82247
339,0271188500,Sunoco,Sunoco,VARIOUS,CT,US,0,0
340,0354188500,Sunoco,Sunoco,PORTLAND,ME,US,0,0
341,0294401500,Sunoco,Sunoco,BRAINTREE,MA,US,0,0
342,0018499400,Sunoco,Sunoco,NORTH GROSVENOR DALE,CT,US,0,0
343,0018562900,Sunoco,Sunoco,ROCHESTER,NY,US,0,0
344,0894805100,Sunoco,Sunoco,BUFFALO,NY,US,42.847531,-78.832012
345,0425277100,Sunoco,Sunoco,LE ROY,NY,US,42.98005,-77.9583
346,0567958400,Sunoco,Sunoco,GENEVA,NY,US,0,0
347,0864277900,Sunoco,Sunoco,GLOVERSVILLE,NY,US,43.0767,-74.25937
348,0718032600,Unbranded,Unbranded,ONEIDA,NY,US,43.09315,-75.653227
349,0677775900,Sunoco,Sunoco,ROCHESTER,NY,US,43.21813,-77.60532
350,0294254800,Sunoco,Sunoco,TRUXTON,NY,US,42.711783,-76.032634
351,0276948703,Sunoco,Sunoco,MUNCY,PA,US,0,0
352,0724320700,Sunoco,Sunoco,WILLSBORO,NY,US,44.371659,-73.39999
353,0213836000,Sunoco,Sunoco,WEBSTER,NY,US,0,0
354,0200567600,Sunoco,Sunoco,HUME,NY,US,42.4745,-78.13576
355,0387955800,Sunoco,Sunoco,LAFARGEVILLE,NY,US,0,0
356,0387893100,Sunoco,Sunoco,ROCHESTER,NY,US,43.13299,-77.63606
357,0388257800,Sunoco,Sunoco,MANCHESTER,NY,US,42.974546,-77.227917
358,0991419300,Sunoco,Sunoco,NIAGARA FALLS,NY,US,43.09468,-79.0515
359,0578969800,Sunoco,Sunoco,PAVILION,NY,US,42.906848,-78.063521
360,0233879600,Sunoco,Sunoco,BATAVIA,NY,US,42.999202,-78.1902
361,0305694200,Sunoco,Sunoco,NIAGARA FALLS,NY,US,43.10862,-79.030309
362,0880607700,Sunoco,Sunoco,CAMPBELL,NY,US,42.232918,-77.196929
363,0922062500,Sunoco,Sunoco,SCOTTSVILLE,NY,US,43.028504,-77.742787
364,0274682400,Sunoco,Sunoco,BATAVIA,NY,US,42.99546,-78.16665
365,0821241700,Sunoco,Sunoco,NIAGARA FALLS,NY,US,43.09089,-79.0607
366,0268172400,Sunoco,Sunoco,BIG FLATS,NY,US,42.141893,-76.936899
367,0268195500,Sunoco,Sunoco,BRADFORD,NY,US,42.363747,-77.11183
368,0268196300,Sunoco,Sunoco,CASTILE,NY,US,42.628135,-78.055904
369,0268199700,Sunoco,Sunoco,HAMBURG,NY,US,42.716786,-78.839407
370,0268354800,Sunoco,Sunoco,GANSEVOORT,NY,US,43.171001,-73.715978
371,0268380300,Sunoco,Sunoco,ROCHESTER,NY,US,43.147259,-77.710594
372,0268385200,Sunoco,Sunoco,GREECE,NY,US,43.186585,-77.70185
373,0268392800,Sunoco,Sunoco,ROCHESTER,NY,US,43.19794,-77.638559
374,0268411600,Sunoco,Sunoco,ROCHESTER,NY,US,43.241811,-77.619759
375,0268413200,Sunoco,Sunoco,ROCHESTER,NY,US,43.142043,-77.612365
376,0268414000,Sunoco,Sunoco,ROCHESTER,NY,US,43.191327,-77.600094
377,0268076700,Sunoco,Sunoco,ROCHESTER,NY,US,43.127117,-77.565316
378,0268089000,Sunoco,Sunoco,CHURCHVILLE,NY,US,43.100812,-77.897986
379,0268095700,Sunoco,Sunoco,ATTICA,NY,US,42.864796,-78.273593
380,0268099900,Sunoco,Sunoco,ROCHESTER,NY,US,43.138709,-77.669752
381,0268105400,Sunoco,Sunoco,W HENRIETTA,NY,US,43.04467,-77.65958
382,0268154200,Sunoco,Sunoco,CANISTEO,NY,US,42.272491,-77.606899
383,0268155900,Sunoco,Sunoco,JAMESTOWN,NY,US,42.097258,-79.244608
384,0268156700,Sunoco,Sunoco,PAINTED POST,NY,US,42.148128,-77.108096
385,0986699700,Sunoco,Sunoco,ULSTER,PA,US,41.84398,-76.50315
386,0806294500,Sunoco,Sunoco,UTICA,NY,US,43.115699,-75.209325
387,0457401802,Sunoco,Sunoco,MONTOURSVILLE,PA,US,41.249758,-76.934035
388,0022833800,Sunoco,Sunoco,MOUNT MORRIS,NY,US,42.72687,-77.87058
389,0834313900,Sunoco,Sunoco,BUFFALO,NY,US,42.90004,-78.789
390,0065231300,Sunoco,Sunoco,BOONVILLE,NY,US,43.477039,-75.317836
391,0305549800,Sunoco,Sunoco,VERNON,NY,US,43.07991,-75.53398
392,0296554900,Sunoco,Sunoco,VARIOUS,NY,US,0,0
393,0457430700,Sunoco,Sunoco,LONDONDERRY,NH,US,42.915457,-71.367705
394,0354709800,Sunoco,Sunoco,CONCORD,NH,US,43.213559,-71.512709
395,0536714900,Sunoco,Sunoco,HOOKSETT,NH,US,43.045209,-71.436704
396,0371669300,Sunoco,Sunoco,LONDONDERRY,NH,US,42.87415,-71.33648
397,0364248500,Sunoco,Sunoco,LEE,NH,US,43.148082,-71.007487
398,0267948800,Sunoco,Sunoco,MANCHESTER,NH,US,43.004494,-71.472956
399,0267949600,Sunoco,Sunoco,BOSCAWEN,NH,US,43.311347,-71.616337
400,0267950400,Sunoco,Sunoco,NASHUA,NH,US,42.769699,-71.490298
401,0267951200,Sunoco,Sunoco,EXETER,NH,US,42.985126,-70.937979
402,0267953800,Sunoco,Sunoco,PORTSMOUTH,NH,US,43.05385,-70.811747
403,0267955300,Sunoco,Sunoco,MANCHESTER,NH,US,43.018477,-71.448179
404,0267956100,Sunoco,Sunoco,HUDSON,NH,US,42.754352,-71.429369
405,0267957900,Sunoco,Sunoco,PORTSMOUTH,NH,US,43.071441,-70.770074
406,0267958700,Sunoco,Sunoco,LACONIA,NH,US,43.562364,-71.450128
407,0267959500,Sunoco,Sunoco,CONCORD,NH,US,43.192704,-71.519311
408,0267962900,Sunoco,Sunoco,ROCHESTER,NH,US,43.30095,-70.9757
409,0267963700,Sunoco,Sunoco,MANCHESTER,NH,US,42.959107,-71.437125
410,0267964500,Sunoco,Sunoco,NASHUA,NH,US,42.75144,-71.48459
411,0267970200,Sunoco,Sunoco,PORTSMOUTH,NH,US,43.053347,-70.770531
412,0018618900,Sunoco,Sunoco,CONCORD,NH,US,0,0
413,0018666800,Sunoco,Sunoco,EAST SYRACUSE,NY,US,0,0
414,0602884900,Sunoco,Sunoco,JORDAN,NY,US,43.08221,-76.47168
415,0346623200,Sunoco,Sunoco,STITTVILLE,NY,US,43.23335,-75.28774
416,0964569800,Sunoco,Sunoco,SAUQUOIT,NY,US,43.005205,-75.255878
417,0966142200,Sunoco,Sunoco,UTICA,NY,US,43.088523,-75.223202
418,0459006300,Sunoco,Sunoco,LIVERPOOL,NY,US,43.122535,-76.235545
419,0112985700,Sunoco,Sunoco,BRIDGEPORT,NY,US,43.15447,-75.97333
420,0364617100,Sunoco,Sunoco,LA FAYETTE,NY,US,42.8939,-76.105599
421,0369866900,Sunoco,Sunoco,BALDWINSVILLE,NY,US,43.21795,-76.35856
422,0538258500,Sunoco,Sunoco,DOLGEVILLE,NY,US,43.09174,-74.7876
423,0687374900,Sunoco,Sunoco,CONKLIN,NY,US,42.08247,-75.82662
424,0290824200,Sunoco,Sunoco,WESTMORELAND,NY,US,43.11614,-75.40424
425,0296087000,Sunoco,Sunoco,EAST SYRACUSE,NY,US,43.076775,-76.059161
426,0874535800,Sunoco,Sunoco,GREENE,NY,US,42.3052,-75.79702
427,0475594800,Sunoco,Sunoco,SYRACUSE,NY,US,43.007201,-76.174798
428,0995707700,Sunoco,Sunoco,LAFARGEVILLE,NY,US,44.191289,-75.968135
429,0268540200,Sunoco,Sunoco,CANASTOTA,NY,US,43.06962,-75.75226
430,0268550100,Sunoco,Sunoco,SYRACUSE,NY,US,43.047883,-76.197083
431,0138396700,Sunoco,Sunoco,CENTRAL SQUARE,NY,US,43.28713,-76.13358
432,0019936400,UNKNOWN,Sunoco                  ,NEW WINDSOR,NY,US,0,0
433,0019937200,UNKNOWN,Sunoco                  ,JOHNSON CITY,NY,US,0,0
434,0019940600,UNKNOWN,Sunoco                  ,BALTIMORE,MD,US,0,0
435,0019944800,UNKNOWN,Sunoco                  ,TAMAQUA,PA,US,0,0
436,0019945500,UNKNOWN,Sunoco                  ,MALVERN,PA,US,0,0
437,0019946300,UNKNOWN,Sunoco                  ,HATBORO,PA,US,0,0
438,0000923300,UNKNOWN,Sunoco                  ,NEWARK,NJ,US,0,0
439,0021311606,Sunoco,Sunoco,HUDSON,MA,US,42.394697,-71.547917
440,0275171700,Sunoco,Sunoco,BETHEL,CT,US,41.350768,-73.381242
441,0443503800,Sunoco,Sunoco,DANBURY,CT,US,41.406651,-73.429491
442,0021690300,Sunoco,Sunoco,DANBURY,CT,US,0,0
443,0343629200,Sunoco,Sunoco,VARIOUS,CT,US,0,0
444,0267025500,Sunoco,Sunoco,NEW MILFORD,CT,US,41.594566,-73.406435
445,0267027100,Sunoco,Sunoco,BROOKFIELD,CT,US,41.432274,-73.41405
446,0378895700,Sunoco,Sunoco,DANBURY,CT,US,41.404928,-73.456359
447,0387942600,Sunoco,Sunoco,NEW MILFORD,CT,US,41.555059,-73.417538
448,0021715801,Sunoco,Sunoco,NEWTON,MA,US,42.318189,-71.208317
449,0021739801,Sunoco,Sunoco,MURRYSVILLE,PA,US,40.42744,-79.69407
450,0022628201,Sunoco,Sunoco,HUNTINGDON VALLEY,PA,US,40.119338,-75.067438
451,0023199300,Sunoco,Sunoco,WATERBURY,CT,US,0,0
452,0381606300,Sunoco,Sunoco,WATERTOWN,CT,US,41.633294,-73.139156
453,0663468700,Sunoco,Sunoco,EAST WINDSOR,CT,US,41.911166,-72.612984
454,0846071900,Sunoco,Sunoco,SHELTON,CT,US,41.304401,-73.178471
455,0267423200,Sunoco,Sunoco,WATERBURY,CT,US,41.580883,-73.03336
456,0267424000,Sunoco,Sunoco,PROSPECT,CT,US,41.513565,-72.984621
457,0353042500,Sunoco,Sunoco,WEST HARTFORD,CT,US,41.763164,-72.737053
458,0354833600,Sunoco,Sunoco,WATERBURY,CT,US,41.564824,-73.059673
459,0070437900,Sunoco,Sunoco,SEYMOUR,CT,US,41.39684,-73.05998
460,0374479400,Sunoco,Sunoco,HAMDEN,CT,US,41.335955,-72.899742
461,0342639200,Sunoco,Sunoco,FAIRFIELD,CT,US,41.21373,-73.248185
462,0372096800,Sunoco,Sunoco,BLOOMFIELD,CT,US,41.834379,-72.737299
463,0289406100,Sunoco,Sunoco,WEST HAVEN,CT,US,41.307485,-72.969629
464,0680518800,Sunoco,Sunoco,WESTPORT,CT,US,41.140892,-73.354863
465,0325805000,Sunoco,Sunoco,DANBURY,CT,US,41.405816,-73.419377
466,0103949400,Sunoco,Sunoco,NEWINGTON,CT,US,41.673835,-72.740467
467,0296527506,Sunoco,Sunoco,CHELMSFORD,MA,US,42.601177,-71.347423
468,0296831103,Sunoco,Sunoco,GREENSBURG,PA,US,40.30319,-79.55057
469,0057106700,Sunoco,Sunoco,HELLERTOWN,PA,US,40.58042,-75.340566
470,0006390900,Sunoco,Sunoco,BETHLEHEM,PA,US,40.64338,-75.42801
471,0750702300,Sunoco,Sunoco,SOMERSET,PA,US,40.00739,-79.07088
472,0609344700,Sunoco,Sunoco,SOMERSET,PA,US,40.068205,-79.077617
473,0101114700,Sunoco,Sunoco,CUMBERLAND,MD,US,39.66221,-78.78019
474,0591503800,Sunoco,Sunoco,ELLERSLIE,MD,US,39.720983,-78.774782
475,0415168400,Sunoco,Sunoco,YARDVILLE,NJ,US,40.18199,-74.6754
476,0297723900,Sunoco,Sunoco,WAYNE,PA,US,0,0
477,0297870801,Sunoco,Sunoco,GETTYSBURG,PA,US,39.813184,-77.143384
478,0298834301,Sunoco,Sunoco,FARMINGDALE,NY,US,40.73109,-73.459137
479,0303632401,Sunoco,Sunoco,PARAMUS,NJ,US,40.9136,-74.04547
480,0306938200,Sunoco,Sunoco,WYOMISSING,PA,US,40.34951,-75.9725952
481,0311437803,Sunoco,Sunoco,FALLS CHURCH,VA,US,38.86679,-77.22903
482,0311875900,UNKNOWN,Sunoco                  ,LINDEN,NJ,US,0,0
483,0312884001,Sunoco,Sunoco,SOUTH HAMPTON,NJ,US,39.96983,-74.7354
484,0925176000,Sunoco,Sunoco,JASPER,AL,US,33.88923,-87.28357
485,0167680800,Sunoco,Sunoco,BIRMINGHAM,AL,US,33.551767,-86.737953
486,0541670600,Sunoco,Sunoco,WARRIOR,AL,US,33.80536,-86.81328
487,0397916800,Sunoco,Sunoco,ANNISTON,AL,US,33.69174,-85.82308
488,0604797100,Sunoco,Sunoco,MUSCLE SHOALS,AL,US,34.7374,-87.66777
489,0841120900,Sunoco,Sunoco,MOULTON,AL,US,34.481426,-87.289185
490,0306015900,Sunoco,Sunoco,DECATUR,AL,US,34.60425,-87.0052
491,0080516800,Sunoco,Sunoco,MOULTON,AL,US,34.43513,-87.29275
492,0113127500,Sunoco,Sunoco,MOODY,AL,US,33.58218,-86.46982
493,0313615700,Sunoco,Sunoco,BESSEMER,AL,US,0,0
494,0635301500,Sunoco,Sunoco,JASPER,AL,US,33.85393,-87.18226
495,0163513500,Sunoco,Sunoco,BRIGHTON,AL,US,33.44352,-86.93101
496,0102234200,Sunoco,Sunoco,TALLADEGA,AL,US,33.57914,-86.02765
497,0238100200,Sunoco,Sunoco,PARRISH,AL,US,33.74145,-87.26772
498,0083991000,Sunoco,Sunoco,TALLADEGA,AL,US,33.4357,-86.09557
499,0893445700,Sunoco,Sunoco,BIRMINGHAM,AL,US,33.465511,-86.83638
500,0888703600,Sunoco,Sunoco,NAUVOO,AL,US,33.914694,-87.384856
501,0652631300,Sunoco,Sunoco,MULGA,AL,US,33.551188,-87.101548
502,0616198800,Sunoco,Sunoco,SEABROOK,NH,US,42.896066,-70.870357
503,0273243600,Sunoco,Sunoco,AMESBURY,MA,US,42.84659,-70.907239
504,0509739900,Sunoco,Sunoco,SALISBURY,MA,US,42.8442,-70.895399
505,0315715300,Sunoco,Sunoco,SEABROOK,NH,US,0,0
506,0315821900,Sunoco,Sunoco,DALLAS,TX,US,39.111761,-77.1557751
507,0897225900,Sunoco,Sunoco,MARLINTON,WV,US,38.231753,-80.091446
508,0788542900,Sunoco,Sunoco,FAYETTEVILLE,NC,US,35.043284,-78.955576
509,0935510800,Sunoco,Sunoco,SAINT STEPHEN,SC,US,33.3972,-79.92581
510,0497302000,Sunoco,Sunoco,HUGHESVILLE,MD,US,38.539461,-76.787741
511,0679807800,Sunoco,Sunoco,WAYNESBORO,VA,US,38.064579,-78.873309
512,0191792100,Sunoco,Sunoco,HUDDLESTON,VA,US,37.178559,-79.433214
513,0294353800,Sunoco,Sunoco,BRYANS ROAD,MD,US,38.625952,-77.075144
514,0275881100,Sunoco,Sunoco,LEXINGTON PARK,MD,US,38.28216,-76.470615
515,0275883700,Sunoco,Sunoco,CALLAWAY,MD,US,0,0
516,0253210900,Sunoco,Sunoco,LINCOLNTON,NC,US,35.46854,-81.26336
517,0291180800,Sunoco,Sunoco,NARROWS,VA,US,37.335204,-80.801198
518,0237367800,Sunoco,Sunoco,CHATHAM,VA,US,36.90179,-79.39055
519,0906767900,Sunoco,Sunoco,MOCKSVILLE,NC,US,35.89079,-80.55561
520,0993205400,Sunoco,Sunoco,BLACKSBURG,VA,US,37.20827,-80.49418
521,0167977800,Sunoco,Sunoco,BRIGHTWOOD,VA,US,0,0
522,0818394900,Sunoco,Sunoco,BEDFORD,VA,US,37.22298,-79.56059
523,0117574400,Sunoco,Sunoco,LILLINGTON,NC,US,35.39327,-78.81841
524,0477826200,Sunoco,Sunoco,FAYETTEVILLE,NC,US,35.112054,-78.879075
525,0881720700,Sunoco,Sunoco,FAYETTEVILLE,NC,US,35.04422,-78.97916
526,0382418200,Sunoco,Sunoco,WALDORF,MD,US,38.655952,-76.876346
527,0949361000,Sunoco,Sunoco,BEVERLY,WV,US,38.836333,-79.875606
528,0803084300,Sunoco,Sunoco,ROANOKE,VA,US,37.309898,-79.885797
529,0113723100,Sunoco,Sunoco,RICHMOND,VA,US,37.540952,-77.375545
530,0663660900,Sunoco,Sunoco,SEVERNA PARK,MD,US,39.079876,-76.548772
531,0015296700,Sunoco,Sunoco,PRINCETON,WV,US,37.370062,-81.091855
532,0050185800,Sunoco,Sunoco,LINCOLNTON,NC,US,35.44714,-81.23888
533,0795791300,Sunoco,Sunoco,ALTAVISTA,VA,US,37.155965,-79.226571
534,0343146700,Sunoco,Sunoco,PARK HALL,MD,US,38.221804,-76.440498
535,0920881000,Sunoco,Sunoco,STONY CREEK,VA,US,36.943793,-77.408329
536,0833902000,Sunoco,Sunoco,MANCHESTER,MA,US,42.57872,-70.76213
537,0395276900,Sunoco,Sunoco,PETERSBURG,WV,US,39.001353,-79.129208
538,0415315100,Sunoco,Sunoco,ALTAVISTA,VA,US,37.19928,-79.20358
539,0656583200,Sunoco,Sunoco,GAITHERSBURG,MD,US,39.1233,-77.23296
540,0080801400,Sunoco,Sunoco,MONTEREY,VA,US,38.41203,-79.5795
541,0141216200,Sunoco,Sunoco,HOT SPRINGS,VA,US,38.010162,-79.8146
542,0446417800,Sunoco,Sunoco,BLUE RIDGE,VA,US,37.384215,-79.800392
543,0601954100,Sunoco,Sunoco,SALEM,VA,US,37.265232,-80.022533
544,0876843400,Sunoco,Sunoco,BALTIMORE,MD,US,39.263288,-76.686383
545,0108740200,Sunoco,Sunoco,BLUEFIELD,WV,US,37.25696,-81.19838
546,0823802400,Sunoco,Sunoco,ROCKVILLE,MD,US,39.07552,-77.11716
547,0581613700,Sunoco,Sunoco,ROCKY MOUNT,VA,US,37.0054,-79.87915
548,0993645100,Sunoco,Sunoco,ALTAVISTA,VA,US,37.114385,-79.281667
549,0805759800,Sunoco,Sunoco,MAX MEADOWS,VA,US,36.939,-81.00105
550,0015263700,Sunoco,Sunoco,FREDERICK,MD,US,39.48608,-77.40077
551,0982364200,Sunoco,Sunoco,FAYETTEVILLE,NC,US,35.093455,-78.955199
552,0649931300,Sunoco,Sunoco,RAPHINE,VA,US,37.932359,-79.229988
553,0641201900,Sunoco,Sunoco,LEXINGTON PARK,MD,US,38.247592,-76.424216
554,0268517000,Sunoco,Sunoco,LEONARDTOWN,MD,US,38.303777,-76.655122
555,0316783000,Coastal,Coastal,SOUTHFIELD,MI,US,0,0
556,0317967800,Sunoco,Sunoco,LOUDONVILLE,NY,US,0,0
557,0318320902,Sunoco,Sunoco,KENNETT SQUARE,PA,US,39.881548,-75.665497
558,0323715301,Sunoco,Sunoco,DULUTH,GA,US,0,0
559,0710655200,Sunoco,Sunoco,WEST COLUMBIA,SC,US,33.965773,-81.078613
560,0972462600,Sunoco,Sunoco,GAFFNEY,SC,US,35.058104,-81.641108
561,0392065900,Sunoco,Sunoco,GREENWOOD,SC,US,34.19566,-82.165
562,0524778800,Sunoco,Sunoco,LAURENS,SC,US,34.407529,-82.051606
563,0146258900,Sunoco,Sunoco,ANDREWS,SC,US,33.450741,-79.557794
564,0527286900,Sunoco,Sunoco,LADSON,SC,US,33.023312,-80.088811
565,0882083900,Sunoco,Sunoco,WOODRUFF,SC,US,34.74826,-82.0455
566,0827869900,Sunoco,Sunoco,COLUMBIA,SC,US,34.08138,-81.1922
567,0769925900,Sunoco,Sunoco,HARTWELL,GA,US,34.347063,-82.888063
568,0988427100,Sunoco,Sunoco,GREENVILLE,SC,US,34.831312,-82.489813
569,0367941200,Sunoco,Sunoco,TRAVELERS REST,SC,US,34.97499,-82.43028
570,0277500500,Sunoco,Sunoco,HARTWELL,GA,US,34.374152,-82.939744
571,0654634500,Sunoco,Sunoco,BRODNAX,VA,US,36.704994,-78.039755
572,0345221600,Sunoco,Sunoco,CAPRON,VA,US,36.70587,-77.20161
573,0506806900,Sunoco,Sunoco,EMPORIA,VA,US,36.70439,-77.55369
574,0454820200,Sunoco,Sunoco,EMPORIA,VA,US,36.67985,-77.54614
575,0511601700,Sunoco,Sunoco,BLACKSTONE,VA,US,37.08174,-77.99684
576,0108361700,Sunoco,Sunoco,JARRATT,VA,US,36.80683,-77.46291
577,0325107100,Sunoco,Sunoco,EMPORIA,VA,US,0,0
578,0044419000,Sunoco,Sunoco,FREEMAN,VA,US,36.7737,-77.7482
579,0326105401,Sunoco,Sunoco,BEVERLY,MA,US,42.572506,-70.892961
580,0444535900,Sunoco,Sunoco,ROCKMART,GA,US,34.010628,-85.064824
581,0729556100,Sunoco,Sunoco,COLLEGE PARK,GA,US,33.63198,-84.468
582,0446709800,Sunoco,Sunoco,WOODSTOCK,GA,US,34.10354,-84.50454
583,0881680300,Sunoco,Sunoco,MARIETTA,GA,US,33.918274,-84.549507
584,0895144400,Sunoco,Sunoco,HIRAM,GA,US,33.868732,-84.764418
585,0560887200,Sunoco,Sunoco,BUCHANAN,GA,US,33.80361,-85.17751
586,0326672301,Sunoco,Sunoco,KENNESAW,GA,US,0,0
587,0799384300,Sunoco,Sunoco,CALHOUN,GA,US,34.489308,-84.819548
588,0862646700,Sunoco,Sunoco,CALHOUN,GA,US,34.4534,-84.91477
589,0937207900,Sunoco,Sunoco,MACON,GA,US,32.88569,-83.60175
590,0718248800,Sunoco,Sunoco,POWDER SPRINGS,GA,US,33.843341,-84.699398
591,0623033800,Sunoco,Sunoco,CEDARTOWN,GA,US,34.025692,-85.249951
592,0970924700,Sunoco,Sunoco,CRANDALL,GA,US,34.959231,-84.773442
593,0499780500,Sunoco,Sunoco,ATLANTA,GA,US,33.59252,-84.42888
594,0496247800,Sunoco,Sunoco,MARIETTA,GA,US,33.966001,-84.663744
595,0402205900,Sunoco,Sunoco,POWDER SPRINGS,GA,US,33.859137,-84.675451
596,0211654900,Sunoco,Sunoco,CHATSWORTH,GA,US,34.86259,-84.75303
597,0170944300,Sunoco,Sunoco,SMYRNA,GA,US,33.89437,-84.52728
598,0569584600,Sunoco,Sunoco,NEWNAN,GA,US,0,0
599,0174432500,Sunoco,Sunoco,LAWRENCEVILLE,GA,US,33.94255,-84.07658
600,0731296000,Sunoco,Sunoco,ROCKMART,GA,US,34.00319,-85.062
601,0912333200,Sunoco,Sunoco,LOUISVILLE,GA,US,33.007838,-82.397411
602,0709846000,Sunoco,Sunoco,TEMPLE,GA,US,33.84271,-84.9812719
603,0042304602,Sunoco,Sunoco,CLARENCE,NY,US,42.95282,-78.60244
604,0042305302,Sunoco,Sunoco,CORFU,NY,US,43.0121,-78.32969
605,0330191801,Sunoco,Sunoco,ELSMERE,DE,US,39.738644,-75.603763
606,0589480300,Sunoco,Sunoco,SPRING HILL,FL,US,28.45719,-82.62104
607,0177323300,Sunoco,Sunoco,SARASOTA,FL,US,27.35925,-82.53051
608,0833834500,Sunoco,Sunoco,MULBERRY,FL,US,27.905656,-81.973195
609,0299185900,Sunoco,Sunoco,TAMPA,FL,US,27.94176,-82.46779
610,0838501500,Sunoco,Sunoco,BRADENTON,FL,US,27.49578,-82.60729
611,0826485500,Sunoco,Sunoco,OKEECHOBEE,FL,US,27.23885,-80.82983
612,0727664500,Sunoco,Sunoco,ORLANDO,FL,US,28.48244,-81.33087
613,0327206900,Sunoco,Sunoco,BRADENTON,FL,US,27.423002,-82.575811
614,0572135200,Sunoco,Sunoco,CAPE CORAL,FL,US,26.61078,-81.9744
615,0331490300,Sunoco,Sunoco,TAMPA,FL,US,0,0
616,0497645200,Sunoco,Sunoco,TAMPA,FL,US,27.95722,-82.48385
617,0290344100,Sunoco,Sunoco,LAKELAND,FL,US,28.03298,-82.03085
618,0335085703,Sunoco,Sunoco,OXFORD,PA,US,39.804223,-75.96878
619,0106055700,Sunoco,Sunoco,KENYON,RI,US,41.442898,-71.630499
620,0498589100,Sunoco,Sunoco,WORCESTER,MA,US,42.270935,-71.806311
621,0855212700,Sunoco,Sunoco,TORRINGTON,CT,US,41.80392,-73.12769
622,0338236300,Sunoco,Sunoco,DALLAS,TX,US,0,0
623,0680666500,Sunoco,Sunoco,ORANGEBURG,SC,US,33.485179,-80.831551
624,0388676900,Sunoco,Sunoco,BRISTOL,CT,US,41.689822,-72.92651
625,0390571800,Sunoco,Sunoco,PLAINVILLE,CT,US,41.672568,-72.836493
626,0187497300,Sunoco,Sunoco,BRIDGEPORT,CT,US,41.188746,-73.180895
627,0534738000,Sunoco,Sunoco,EAST GREENWICH,RI,US,0,0
628,0233222900,Sunoco,Sunoco,WALLINGFORD,CT,US,41.46774,-72.833088
629,0569675200,Sunoco,Sunoco,NIANTIC,CT,US,41.33313,-72.19975
630,0980060800,Sunoco,Sunoco,DUNCAN,SC,US,34.954566,-82.168502
631,0268694700,Sunoco,Sunoco,MANCHESTER,NH,US,42.9956,-71.452437
632,0268164100,Sunoco,Sunoco,KANONA,NY,US,42.376719,-77.361988
633,0971734900,Sunoco,Sunoco,WORCESTER,MA,US,42.24381,-71.82052
634,0981807100,Sunoco,Sunoco,ASHLAND,VA,US,37.760641,-77.455817
635,0052591500,Exxon,Exxon,LAUREL,MD,US,39.16114,-76.89249
636,0690414800,Exxon,Exxon,RICHMOND,VA,US,37.58178,-77.49363
637,0888021300,Exxon,Exxon,BOYDTON,VA,US,36.66262,-78.40707
638,0210127700,Exxon,Exxon,RICHMOND,VA,US,37.57308,-77.48306
639,0225371400,Exxon,Exxon,RICHMOND,VA,US,37.56416,-77.49682
640,0769551300,Exxon,Exxon,RICHMOND,VA,US,37.49776,-77.56837
641,0193532900,Exxon,Exxon,RICHMOND,VA,US,37.60454,-77.56915
642,0184207900,Exxon,Exxon,RICHMOND,VA,US,37.58352,-77.55431
643,0641908900,Exxon,Exxon,SOUTH HILL,VA,US,36.71729,-78.1606
644,0389525700,Exxon,Exxon,RICHMOND,VA,US,37.51578,-77.43089
645,0301099800,Exxon,Exxon,GERMANTOWN,MD,US,39.17949,-77.26799
646,0436093900,Exxon,Exxon,COLUMBIA,MD,US,39.17148,-76.86556
647,0992533000,Exxon,Exxon,ROCKVILLE,MD,US,39.09755,-77.1364
648,0368089900,Exxon,Exxon,SILVER SPRING,MD,US,39.05718,-77.08415
649,0884676800,Exxon,Exxon,GLEN BURNIE,MD,US,39.19373,-76.61332
650,0238579700,Exxon,Exxon,ANNAPOLIS,MD,US,38.95083,-76.49457
651,0885906800,Exxon,Exxon,COLUMBIA,MD,US,39.20754,-76.81369
652,0967418500,Exxon,Exxon,LAUREL,MD,US,39.1196,-76.85092
653,0428654800,Exxon,Exxon,MYERSVILLE,MD,US,39.49913,-77.5679
654,0719403800,Exxon,Exxon,LEESBURG,VA,US,39.1137,-77.53978
655,0853063600,Exxon,Exxon,ROCKVILLE,MD,US,39.06288,-77.11641
656,0013955000,Exxon,Exxon,DUMFRIES,VA,US,38.5834,-77.32989
657,0703353300,Exxon,Exxon,BALTIMORE,MD,US,39.31504,-76.5442
658,0064276900,Exxon,Exxon,CHESTER,MD,US,38.9741,-76.28046
659,0445405400,Exxon,Exxon,BALTIMORE,MD,US,39.39825,-76.53747
660,0182676700,Exxon,Exxon,SILVER SPRING,MD,US,38.99965,-76.99544
661,0388331100,Exxon,Exxon,BETHESDA,MD,US,38.98921,-77.10157
662,0456845700,Exxon,Exxon,SILVER SPRING,MD,US,38.99321,-77.02406
663,0284081700,Exxon,Exxon,BALTIMORE,MD,US,39.3592,-76.59451
664,0634388300,Exxon,Exxon,BALTIMORE,MD,US,39.32017,-76.57135
665,0241878800,Exxon,Exxon,FREDERICK,MD,US,39.4084,-77.42767
666,0065157000,Exxon,Exxon,PASADENA,MD,US,39.12612,-76.58949
667,0081577900,Exxon,Exxon,LUTHERVILLE-TIMONIUM,MD,US,39.41849,-76.66814
668,0411072200,Exxon,Exxon,BALTIMORE,MD,US,39.39037,-76.5437
669,0820901700,Exxon,Exxon,WOODBRIDGE,VA,US,38.68145,-77.31989
670,0371196700,Exxon,Exxon,ABINGDON,MD,US,39.47934,-76.31058
671,0735554800,Exxon,Exxon,REISTERSTOWN,MD,US,39.44759,-76.81483
672,0653727800,Exxon,Exxon,FREDERICK,MD,US,39.44833,-77.3863
673,0596548800,Exxon,Exxon,ARNOLD,MD,US,39.02911,-76.50382
674,0688588300,Exxon,Exxon,ELLICOTT CITY,MD,US,39.27973,-76.86452
675,0761808500,Exxon,Exxon,ROCKVILLE,MD,US,39.08041,-77.14396
676,0969288000,Exxon,Exxon,SILVER SPRING,MD,US,39.06356,-76.96588
677,0560276800,Exxon,Exxon,CHANTILLY,VA,US,38.89028,-77.42156
678,0621095900,Exxon,Exxon,WOODBRIDGE,VA,US,38.6738,-77.3371
679,0701342800,Exxon,Exxon,MIDDLEBURG,VA,US,38.97003,-77.73287
680,0724763800,Exxon,Exxon,WOODBRIDGE,VA,US,38.6395,-77.26748
681,0481038800,Exxon,Exxon,COCKEYSVILLE,MD,US,39.49292,-76.64904
682,0419191200,Exxon,Exxon,BETHESDA,MD,US,39.02502,-77.12531
683,0724491600,Exxon,Exxon,WOODBRIDGE,VA,US,38.67463,-77.25485
684,0382995900,Exxon,Exxon,SILVER SPRING,MD,US,39.02242,-76.97761
685,0588487900,Exxon,Exxon,BALTIMORE,MD,US,39.36105,-76.64608
686,0795802800,Exxon,Exxon,TOWSON,MD,US,39.40203,-76.59977
687,0453550600,Exxon,Exxon,TOWSON,MD,US,39.40704,-76.60681
688,0190331900,Exxon,Exxon,SEVERNA PARK,MD,US,39.07954,-76.54776
689,0364222000,Exxon,Exxon,SILVER SPRING,MD,US,39.04102,-77.05165
690,0567474200,Exxon,Exxon,BALTIMORE,MD,US,39.35183,-76.68341
691,0222253700,Exxon,Exxon,HERNDON,VA,US,38.96901,-77.38047
692,0796627800,Exxon,Exxon,BETHESDA,MD,US,38.97,-77.13675
693,0364538900,Exxon,Exxon,BALTIMORE,MD,US,39.29302,-76.59813
694,0916169600,Exxon,Exxon,OAKTON,VA,US,38.88041,-77.30179
695,0556034700,Exxon,Exxon,SILVER SPRING,MD,US,39.00805,-77.03998
696,0301103800,Exxon,Exxon,SILVER SPRING,MD,US,39.03946,-76.99038
697,0885760900,Exxon,Exxon,BALTIMORE,MD,US,39.27242,-76.63011
698,0816073100,Exxon,Exxon,ANNAPOLIS,MD,US,38.98026,-76.52541
699,0253374300,Exxon,Exxon,SILVER SPRING,MD,US,39.08425,-77.07787
700,0971089800,Exxon,Exxon,BALTIMORE,MD,US,39.35987,-76.70713
701,0287539100,Exxon,Exxon,SILVER SPRING,MD,US,39.07663,-76.95746
702,0716852900,Exxon,Exxon,GAITHERSBURG,MD,US,39.12666,-77.24204
703,0150176600,Exxon,Exxon,BALTIMORE,MD,US,39.3647,-76.60996
704,0829728500,Exxon,Exxon,RANDALLSTOWN,MD,US,39.38059,-76.82166
705,0463609800,Exxon,Exxon,MANASSAS,VA,US,38.77613,-77.50413
706,0277364600,Exxon,Exxon,LINTHICUM HEIGHTS,MD,US,39.22445,-76.65924
707,0066893900,Exxon,Exxon,OWINGS MILLS,MD,US,39.42157,-76.78269
708,0376309100,Exxon,Exxon,ROCKVILLE,MD,US,39.04411,-77.11157
709,0822900700,Exxon,Exxon,FREDERICKSBURG,VA,US,38.33831,-77.48775
710,0385121900,Exxon,Exxon,BALTIMORE,MD,US,39.31297,-76.44876
711,0886356500,Exxon,Exxon,BALTIMORE,MD,US,39.35324,-76.75666
712,0566568200,Exxon,Exxon,BALTIMORE,MD,US,39.28428,-76.74644
713,0051261600,Exxon,Exxon,ELKRIDGE,MD,US,39.20686,-76.72739
714,0712929900,Exxon,Exxon,WOODBRIDGE,VA,US,38.651,-77.29472
715,0245779400,Exxon,Exxon,HERNDON,VA,US,38.96537,-77.39728
716,0289224800,Exxon,Exxon,ANNAPOLIS,MD,US,38.98525,-76.54609
717,0281722900,Exxon,Exxon,JESSUP,MD,US,39.17073,-76.78669
718,0792399800,Exxon,Exxon,FREDERICK,MD,US,39.32426,-77.3526
719,0385292800,Exxon,Exxon,PIKESVILLE,MD,US,39.38662,-76.7363
720,0787241900,Exxon,Exxon,FREDERICK,MD,US,39.43896,-77.41043
721,0120411400,Exxon,Exxon,WARRENTON,VA,US,38.72836,-77.80132
722,0558435400,Exxon,Exxon,MOUNT AIRY,MD,US,39.35429,-77.17043
723,0203989900,Exxon,Exxon,BALTIMORE,MD,US,39.36627,-76.58467
724,0689727600,Exxon,Exxon,ANNAPOLIS,MD,US,38.98367,-76.5385
725,0105463400,Exxon,Exxon,GERMANTOWN,MD,US,39.18114,-77.26216
726,0103136800,Exxon,Exxon,BALTIMORE,MD,US,39.34917,-76.53708
727,0665828000,Exxon,Exxon,FREDERICK,MD,US,39.41906,-77.45857
728,0271664500,Exxon,Exxon,HANOVER,MD,US,39.13058,-76.73828
729,0137646600,Exxon,Exxon,PARKTON,MD,US,39.59113,-76.6691
730,0877658500,Exxon,Exxon,CLARKSVILLE,MD,US,39.20695,-76.94258
731,0565862000,Exxon,Exxon,GAITHERSBURG,MD,US,39.12589,-77.18246
732,0044360600,Exxon,Exxon,GAITHERSBURG,MD,US,39.14844,-77.20694
733,0123960700,Exxon,Exxon,RESTON,VA,US,38.935,-77.36329
734,0345203400,Exxon,Exxon,COLUMBIA,MD,US,39.21873,-76.85832
735,0022464200,Exxon,Exxon,BALTIMORE,MD,US,39.31398,-76.74982
736,0561586900,Exxon,Exxon,DUNDALK,MD,US,39.28024,-76.5053
737,0961405800,Exxon,Exxon,SILVER SPRING,MD,US,39.07616,-77.00199
738,0218063600,Exxon,Exxon,BALTIMORE,MD,US,39.37201,-76.56711
739,0576856900,Exxon,Exxon,PASADENA,MD,US,39.12521,-76.53175
740,0474848900,Exxon,Exxon,COLUMBIA,MD,US,39.19754,-76.85168
741,0710595000,Exxon,Exxon,BALTIMORE,MD,US,39.34886,-76.69188
742,0749566600,Exxon,Exxon,DALE CITY,VA,US,38.65995,-77.3587
743,0443766100,Exxon,Exxon,ROCKVILLE,MD,US,39.04428,-77.11142
744,0711119800,Exxon,Exxon,WOODBRIDGE,VA,US,38.64606,-77.337
745,0147094700,Exxon,Exxon,SILVER SPRING,MD,US,39.00809,-77.03999
746,0805806700,Exxon,Exxon,ROCKVILLE,MD,US,39.12893,-77.16765
747,0480885300,Exxon,Exxon,SILVER SPRING,MD,US,39.0822,-76.94718
748,0012428900,Exxon,Exxon,WOODBRIDGE,VA,US,38.65565,-77.30728
749,0634185300,Exxon,Exxon,CROFTON,MD,US,39.00995,-76.6982
750,0512351800,Exxon,Exxon,BALTIMORE,MD,US,39.33379,-76.49544
751,0349351700,Exxon,Exxon,BALTIMORE,MD,US,39.31786,-76.61975
752,0166250100,Exxon,Exxon,LEESBURG,VA,US,39.11595,-77.56616
753,0344769500,Exxon,Exxon,PASADENA,MD,US,39.11142,-76.49961
754,0154020200,Exxon,Exxon,LUTHERVILLE,MD,US,39.41985,-76.61622
755,0829093400,Exxon,Exxon,BETHESDA,MD,US,39.02318,-77.14992
756,0531321800,Sunoco,Sunoco,RICHMOND,VA,US,37.467942,-77.523143
757,0298373200,Sunoco,Sunoco,HOPEWELL,VA,US,37.26354,-77.32483
758,0115130700,Sunoco,Sunoco,RICHMOND,VA,US,37.63241,-77.53978
759,0449089200,Exxon,Exxon,CHESTER,VA,US,37.34803,-77.34233
760,0937314300,Exxon,Exxon,CLARKSVILLE,VA,US,36.6248,-78.55649
761,0119776300,Exxon,Exxon,CHASE CITY,VA,US,36.79806,-78.46337
762,0809134000,Exxon,Exxon,KENBRIDGE,VA,US,36.96446,-78.12326
763,0533273900,Exxon,Exxon,NORTH CHESTERFIELD,VA,US,37.44383,-77.58029
764,0132049800,Exxon,Exxon,RICHMOND,VA,US,37.53489,-77.56143
765,0039789300,Exxon,Exxon,RICHMOND,VA,US,37.56202,-77.46931
766,0075697300,Exxon,Exxon,CHESTERFIELD,VA,US,37.37455,-77.51026
767,0804389500,Exxon,Exxon,RICHMOND,VA,US,37.52091,-77.48781
768,0306492000,Exxon,Exxon,RICHMOND,VA,US,37.53591,-77.42585
769,0774041800,Exxon,Exxon,RICHMOND,VA,US,37.60061,-77.45412
770,0141459800,Exxon,Exxon,MIDLOTHIAN,VA,US,37.50529,-77.61178
771,0316516400,Exxon,Exxon,RICHMOND,VA,US,37.59472,-77.56641
772,0990942500,Exxon,Exxon,RICHMOND,VA,US,37.64048,-77.63093
773,0700598600,Exxon,Exxon,MECHANICSVILLE,VA,US,37.63696,-77.33708
774,0516711900,Exxon,Exxon,PETERSBURG,VA,US,37.15348,-77.35603
775,0571751700,Exxon,Exxon,CHESTER,VA,US,37.38395,-77.45289
776,0820047900,Exxon,Exxon,CHESTER,VA,US,37.35486,-77.40852
777,0041762600,Exxon,Exxon,RICHMOND,VA,US,37.40177,-77.42282
778,0991497900,Exxon,Exxon,CHESTERFIELD,VA,US,37.28599,-77.62112
779,0364576900,Exxon,Exxon,RICHMOND,VA,US,37.63001,-77.5354
780,0099354300,Exxon,Exxon,RICHMOND,VA,US,37.51724,-77.35532
781,0860658400,Exxon,Exxon,RICHMOND,VA,US,37.47314,-77.52525
782,0265565200,Exxon,Exxon,RICHMOND,VA,US,37.61322,-77.49649
783,0124349200,Exxon,Exxon,RICHMOND,VA,US,37.55016,-77.46841
784,0919954800,Exxon,Exxon,LANEXA,VA,US,37.48147,-76.91526
785,0341432300,Exxon,Exxon,STAFFORD,VA,US,38.47463,-77.418
786,0102221900,Exxon,Exxon,MANASSAS,VA,US,38.61217,-77.37451
787,0866559800,Exxon,Exxon,FREDERICKSBURG,VA,US,38.29544,-77.51553
788,0201716800,Exxon,Exxon,WOODFORD,VA,US,38.13236,-77.5131
789,0882053200,Exxon,Exxon,FREDERICKSBURG,VA,US,38.24579,-77.499
790,0776134900,Exxon,Exxon,MANASSAS,VA,US,38.79881,-77.51847
791,0329857700,Exxon,Exxon,MANASSAS,VA,US,38.78242,-77.51171
792,0671251700,Exxon,Exxon,FREDERICKSBURG,VA,US,38.23508,-77.50199
793,0550164800,Exxon,Exxon,STAFFORD,VA,US,38.46038,-77.40638
794,0597752500,Exxon,Exxon,CENTREVILLE,VA,US,38.86757,-77.4484
795,0076404300,Exxon,Exxon,ASHBURN,VA,US,39.02397,-77.48038
796,0320624000,Exxon,Exxon,STERLING,VA,US,38.963,-77.49486
797,0448367300,Exxon,Exxon,MANASSAS,VA,US,38.74223,-77.45094
798,0644068900,Exxon,Exxon,ASHBURN,VA,US,38.99676,-77.48202
799,0796252500,Exxon,Exxon,STERLING,VA,US,39.02641,-77.39518
800,0797787900,Exxon,Exxon,ASHBURN,VA,US,39.03723,-77.50322
801,0302164900,Exxon,Exxon,ASHBURN,VA,US,39.02874,-77.48763
802,0706158300,Exxon,Exxon,ASHBURN,VA,US,39.01092,-77.49251
803,0044355600,Exxon,Exxon,HERNDON,VA,US,38.92454,-77.41663
804,0446386500,Exxon,Exxon,RESTON,VA,US,38.94638,-77.35686
805,0070104500,Exxon,Exxon,RESTON,VA,US,38.95062,-77.33576
806,0654579200,Exxon,Exxon,HERNDON,VA,US,38.99929,-77.34319
807,0447586900,Exxon,Exxon,CENTREVILLE,VA,US,38.83883,-77.4254
808,0186126900,Exxon,Exxon,HERNDON,VA,US,38.92517,-77.37709
809,0787832500,Exxon,Exxon,COLUMBIA,MD,US,39.20892,-76.80315
810,0804467900,Exxon,Exxon,SILVER SPRING,MD,US,38.9936,-77.03239
811,0514592501,Exxon,Exxon,MANASSAS,VA,US,38.74091,-77.4711
812,0367685500,Unknown,Unknown,DUBLIN,VA,US,37.08316,-80.69048
813,0780834801,Exxon,Exxon,EDGEWOOD,MD,US,39.45315,-76.30535
814,0865123401,Exxon,Exxon,HOPEWELL,VA,US,37.286051,-77.226033
815,0066572900,Exxon,Exxon,RICHMOND,VA,US,37.5857,-77.42576
816,0909073902,Exxon,Exxon,GAINESVILLE,VA,US,38.79186,-77.62807
817,0134209600,Exxon,Exxon,HUNT VALLEY,MD,US,39.49667,-76.65033
818,0171769300,Exxon,Exxon,BALTIMORE,MD,US,39.34071,-76.76086
819,0190852400,Exxon,Exxon,PASADENA,MD,US,39.12865,-76.54665
820,0312921000,Exxon,Exxon,PERRYVILLE,MD,US,39.58879,-76.06686
821,0950628800,Exxon,Exxon,GAITHERSBURG,MD,US,39.15859,-77.15985
822,0380328500,Exxon,Exxon,CENTREVILLE,VA,US,38.82861,-77.43909
823,0582743100,Exxon,Exxon,WOODBRIDGE,VA,US,38.67704,-77.27709
824,0202459400,Exxon,Exxon,STERLING,VA,US,38.98033,-77.42385
825,0306627100,Exxon,Exxon,EDGEWATER,MD,US,38.9306,-76.56489
826,0590520300,Exxon,Exxon,RESTON,VA,US,38.96705,-77.35465
827,0765531900,Exxon,Exxon,BALTIMORE,MD,US,39.29384,-76.62338
828,0335458600,Exxon,Exxon,ODENTON,MD,US,39.08874,-76.70141
829,0393321500,Exxon,Exxon,STERLING,VA,US,38.98022,-77.43448
830,0438745200,Exxon,Exxon,MILLERSVILLE,MD,US,39.09637,-76.6256
831,0176341600,Exxon,Exxon,HANOVER,MD,US,39.15277,-76.73073
832,0941834401,Unknown,Unknown,LEESBURG,VA,US,39.09025,-77.5577
833,0331595901,Marlin,Marlin,BOYDTON,VA,US,36.66752,-78.39189
834,0139437801,Exxon,Exxon,BALTIMORE,MD,US,39.37697,-76.50579
835,0986441402,Exxon,Exxon,RICHMOND,VA,US,37.59183,-77.53256
836,0967267600,Mobil,Mobil,RUTHER GLEN,VA,US,38.0061,-77.51069
837,0073177801,Exxon,Exxon,HOPEWELL,VA,US,37.26476,-77.32332
838,0181530701,Sunoco,Sunoco,DANBURY,CT,US,41.442643,-73.473273
839,0601584601,Mobil,Mobil,ALBANY,NY,US,42.71567,-73.81201
840,0390607001,Exxon,Exxon,MANASSAS,VA,US,38.77173,-77.45254
841,0668988901,Exxon,Exxon,GAITHERSBURG,MD,US,39.14624,-77.20431
842,0190327701,Exxon,Exxon,ROCKVILLE,MD,US,39.10556,-77.15755
843,0352995501,Exxon,Exxon,BALTIMORE,MD,US,39.28784,-76.53808
844,0179590500,Mobil,Mobil,MONROE,NY,US,41.33761,-74.18854
845,0348154600,Sunoco,Sunoco,WALDEN,NY,US,41.56087,-74.18749
846,0531976900,Mobil,Mobil,MIDDLETOWN,NY,US,41.46482,-74.41342
847,0475918900,Sunoco,Sunoco,WARWICK,NY,US,41.26035,-74.35738
848,0609178900,Mobil,Mobil,MIDDLETOWN,NY,US,41.4246,-74.42903
849,0700167000,STRIPES (SUSSER),STRIPES (SUSSER),PARKSVILLE,NY,US,41.85625,-74.7577
850,0846682300,Sunoco,Sunoco,PORT CHESTER,NY,US,41.000225,-73.662313
851,0164450900,Exxon,Exxon,MONROE,NY,US,41.33852,-74.18933
852,0888235900,Mobil,Mobil,VOORHEESVILLE,NY,US,42.64949,-73.93384
853,0592305700,Exxon,Exxon,MIDDLETOWN,NY,US,41.45344,-74.40356
854,0973470800,Mobil,Mobil,SLATE HILL,NY,US,41.39816,-74.46147
855,0882615800,Sunoco,Sunoco,MIDDLETOWN,NY,US,41.430883,-74.423119
856,0442332300,Mobil,Mobil,ALBANY,NY,US,42.62424,-73.82796
857,0299406900,Mobil,Mobil,HARRIMAN,NY,US,41.30305,-74.14585
858,0054338900,Mobil,Mobil,HIGHLAND MILLS,NY,US,41.34621,-74.12697
859,0750388100,Exxon,Exxon,CHESTERTOWN,NY,US,43.65285,-73.80046
860,0730658200,Unknown,Unknown,ALBANY,NY,US,42.6349,-73.7549
861,0255174500,Unknown,Unknown,MAHOPAC,NY,US,41.35246,-73.74907
862,0448526400,Sunoco,Sunoco,HILLSDALE,NJ,US,41.01019,-74.04193
863,0696694900,Unknown,Unknown,COLONIE,NY,US,42.72514,-73.84281
864,0176204600,Unknown,Unknown,ALBANY,NY,US,42.67533,-73.78403
865,0951590900,Sunoco,Sunoco,WALLKILL,NY,US,41.60291,-74.18254
866,0203475900,Mobil,Mobil,CARMEL,NY,US,41.41497,-73.67059
867,0782453500,Exxon,Exxon,GANSEVOORT,NY,US,43.23883,-73.68684
868,0636886400,Exxon,Exxon,CIRCLEVILLE,NY,US,41.49403,-74.40339
869,0850860800,Mobil,Mobil,NORTH CREEK,NY,US,43.68134,-73.97194
870,0658661400,Exxon,Exxon,LAKE GEORGE,NY,US,43.4145,-73.71249
871,0208143800,Mobil,Mobil,POTTERSVILLE,NY,US,43.72305,-73.8244
872,0823777800,Mobil,Mobil,GANSEVOORT,NY,US,43.23947,-73.6861
873,0262070600,Unknown,Unknown,MIDDLETOWN,NY,US,41.45447,-74.39552
874,0908449200,Sunoco,Sunoco,GOSHEN,NY,US,41.400847,-74.325516
875,0483992400,Sunoco,Sunoco,BRONX,NY,US,40.849939,-73.787359
876,0101748200,Sunoco,Sunoco,BALDWIN PLACE,NY,US,41.34167,-73.76441
877,0052536000,Unknown,Unknown,OLIVE BRIDGE,NY,US,41.89254,-74.28736
878,0823427000,Mobil,Mobil,HIGHLAND,NY,US,41.69274,-74.00962
879,0672657400,Sunoco,Sunoco,MONROE,NY,US,41.37964,-74.174066
880,0551727100,Sunoco,Sunoco,NANUET,NY,US,41.079429,-74.014061
881,0594016800,Sunoco,Sunoco,BRONX,NY,US,40.90741,-73.90359
882,0010270700,Unknown,Unknown,DUBLIN,VA,US,37.08303,-80.69027
883,0101302801,Exxon,Exxon,ABERDEEN,MD,US,39.50945,-76.16347
884,0720665900,Sunoco,Sunoco,MIDLOTHIAN,VA,US,37.404372,-77.662004
885,0064184503,Exxon,Exxon,NASHVILLE,TN,US,36.065829,-86.415279
886,0279169702,Unknown,Unknown,OLD HICKORY,TN,US,29.5718632,-95.5448
887,0665688803,Unknown,Unknown,NASHVILLE,TN,US,36.162288,-86.423352
888,0822426303,Unknown,Unknown,GALLATIN,TN,US,36.384141,-86.456985
889,0863984103,Exxon,Exxon,NASHVILLE,TN,US,36.112658,-86.746056
890,0983008403,Unknown,Unknown,NASHVILLE,TN,US,36.201175,-86.739405
891,0428219000,Valero,Valero,MIDDLETOWN,NY,US,41.4309273,-74.42304
892,0964673800,Exxon,Exxon,LOCH SHELDRAKE,NY,US,41.77044,-74.65802
893,0726311400,Sunoco,Sunoco,HOPEWELL JUNCTON,NY,US,41.595931,-73.795511
894,0207783200,Sunoco,Sunoco,MOUNT IVY,NY,US,41.18659,-74.03425
895,0336398300,Mobil,Mobil,STONY POINT,NY,US,41.21637,-73.98668
896,0368094900,Sunoco,Sunoco,PAWLING,NY,US,41.56203,-73.60227
897,0420417800,Sunoco,Sunoco,MARLBORO,NY,US,41.604568,-73.972024
898,0411629900,Sunoco,Sunoco,AVERILL PARK,NY,US,42.64224,-73.57459
899,0538417700,Mobil,Mobil,MIDDLETOWN,NY,US,41.46195,-74.37481
900,0567497300,Mobil,Mobil,CENTRAL VALLEY,NY,US,41.32226,-74.12404
901,0515127900,Sunoco,Sunoco,STONY POINT,NY,US,41.22084,-74.01658
902,0317731800,Mobil,Mobil,MONTGOMERY,NY,US,41.51327,-74.207831
903,0723558300,Exxon,Exxon,LEESBURG,VA,US,39.08876,-77.56055
904,0767554902,Exxon,Exxon,BEL AIR,MD,US,39.52166,-76.34658
905,0575101102,Sunoco,Sunoco,FOREST HILL,MD,US,39.57331,-76.38503
906,0516176502,Exxon,Exxon,ABINGDON,MD,US,39.46774,-76.31085
907,0476321501,Exxon,Exxon,ROCKVILLE,MD,US,39.08589,-77.15294
908,0040405302,Exxon,Exxon,SMYRNA,TN,US,35.9672,-86.49485
909,0311555701,Mobil,Mobil,MIDDLETOWN,NY,US,41.44802,-74.43101
910,0229319900,Exxon,Exxon,CHESTERFIELD,VA,US,37.29602,-77.49681
911,0260136701,Exxon,Exxon,STERLING,VA,US,38.96408,-77.44835
912,0407962000,Exxon,Exxon,BALTIMORE,MD,US,39.32996,-76.43973
913,0425977600,Sunoco,Sunoco,COPIAGUE,NY,US,40.69239,-73.39872
914,0515127901,Sunoco,Sunoco,STONY POINT,NY,US,41.22084,-74.01658
915,0601584600,Mobil,Mobil,ALBANY,NY,US,42.71567,-73.81201
916,0019103100,Exxon,Exxon,BETHESDA,MD,US,38.94293,-77.11476
917,0073177800,Exxon,Exxon,HOPEWELL,VA,US,37.26476,-77.32332
918,0079729000,Exxon,Exxon,ALBANY,NY,US,0,0
919,0181530700,Sunoco,Sunoco,DANBURY,CT,US,41.44265,-73.47327
920,0187408000,Sunoco,Sunoco,RICHMOND,VA,US,37.51799,-77.44864
921,0848745600,Mobil,Mobil,WALDEN,NY,US,41.56089,-74.18677
922,0691052500,Exxon,Exxon,GERMANTOWN,MD,US,39.20248,-77.24548
923,0907290101,Exxon,Exxon,OWINGS MILLS,MD,US,39.40404,-76.79009
924,0612087700,Sunoco,Sunoco,LAWRENCEVILLE,VA,US,36.75367,-77.84908
925,0328997200,Exxon,Exxon,COLONIAL HEIGHTS,VA,US,37.27717,-77.41213
926,0115132301,Exxon,Exxon,COLUMBIA,MD,US,39.18788,-76.79865
927,0924988900,Exxon,Exxon,GLEN BURNIE,MD,US,39.1524,-76.6178
928,0019103101,Exxon,Exxon,BETHESDA,MD,US,38.94293,-77.11476
929,0848745601,Mobil,Mobil,WALDEN,NY,US,41.56089,-74.18677
930,0573493401,Unknown,Unknown,NASHVILLE,TN,US,36.1335678,-86.72021
931,0200233500,Exxon,Exxon,ASHBURN,VA,US,39.04893,-77.45421
932,0138336301,Unknown,Unknown,NASHVILLE,TN,US,35.99153,-86.6834
933,0673546801,Unknown,Unknown,BEALETON,VA,US,32.9406128,-97.09505
934,0768922701,Mobil,Mobil,HIGHLAND,NY,US,41.72808,-73.96137
935,0807980801,Mobil,Mobil,MONTGOMERY,NY,US,41.52713,-74.20085
936,0101960301,Mobil,Mobil,FISHKILL,NY,US,41.52617,-73.92059
937,0552097803,Sunoco,Sunoco,STERLING,VA,US,38.9640465,-77.44754
938,0282468803,Unknown,Unknown,ALDIE,VA,US,0,0
939,0766080602,Unknown,Unknown,BRISTOW,VA,US,0,0
940,0364787201,Exxon,Exxon,GLEN BURNIE,MD,US,39.13082,-76.63895
941,0234283001,Exxon,Exxon,ELDERSBURG,MD,US,39.40412,-76.95058
942,0574882700,Sunoco,Sunoco,CHESTERFIELD,VA,US,37.481035,-77.582953
943,0379710700,Exxon,Exxon,HENDERSONVL,TN,US,36.31275,-86.59516
944,0130038300,Exxon,Exxon,ELLICOTT CITY,MD,US,39.25452,-76.81828
945,0750823700,Exxon,Exxon,COLUMBIA,MD,US,39.17765,-76.84454
946,0823712500,Exxon,Exxon,BALTIMORE,MD,US,39.34239,-76.63993
947,0188814800,Exxon,Exxon,BALTIMORE,MD,US,39.37705,-76.6268
948,0976622100,Exxon,Exxon,HANOVER,MD,US,39.15478,-76.72261
949,0510798200,Exxon,Exxon,ANNAPOLIS,MD,US,38.98517,-76.55641
950,0121074900,Exxon,Exxon,CHESTER,MD,US,38.97656,-76.28121
951,0791376700,Exxon,Exxon,ELKRIDGE,MD,US,39.20845,-76.77697
952,0576355200,Exxon,Exxon,COLUMBIA,MD,US,39.22817,-76.81343
953,0770352300,Exxon,Exxon,ELKRIDGE,MD,US,39.18383,-76.76401
954,0065997900,Exxon,Exxon,FREDERICK,MD,US,39.39898,-77.34738
955,0853750800,Exxon,Exxon,BOYDTON,VA,US,36.61505,-78.307
956,0262020100,Exxon,Exxon,NASHVILLE,TN,US,36.23204,-86.75883
957,0813649100,Exxon,Exxon,NASHVILLE,TN,US,36.20675,-86.77787
958,0073767600,Exxon,Exxon,NASHVILLE,TN,US,36.19373,-86.83126
959,0742775000,Exxon,Exxon,NASHVILLE,TN,US,36.1881,-86.79841
960,0065019200,Exxon,Exxon,MURFREESBORO,TN,US,35.8134,-86.44576
961,0911191500,Exxon,Exxon,LEWISBURG,TN,US,35.47924,-86.8075
962,0808453500,Shell,Shell,COOKEVILLE,TN,US,36.17393,-85.5471
963,0406870600,Shell,Shell,COOKEVILLE,TN,US,36.13678,-85.50237
964,0713954600,Exxon,Exxon,CHICKAMAUGA,GA,US,34.88283,-85.27078
965,0220597900,Exxon,Exxon,NASHVILLE,TN,US,36.16603,-86.76636
966,0009488800,Exxon,Exxon,NASHVILLE,TN,US,36.16043,-86.79453
967,0579132200,Exxon,Exxon,NASHVILLE,TN,US,36.15724,-86.78613
968,0321186900,Exxon,Exxon,NASHVILLE,TN,US,36.13938,-86.81914
969,0757557400,Exxon,Exxon,NASHVILLE,TN,US,36.13423,-86.77908
970,0450232400,Exxon,Exxon,LA VERGNE,TN,US,36.0112,-86.54394
971,0236064200,Mobil,Mobil,CHATTANOOGA,TN,US,35.10442,-85.27352
972,0923839500,Exxon,Exxon,MURFREESBORO,TN,US,35.8442,-86.47009
973,0058674300,Shell,Shell,CHATTANOOGA,TN,US,35.05377,-85.12755
974,0628233900,Exxon,Exxon,ANTIOCH,TN,US,36.02812,-86.59006
975,0969131200,Exxon,Exxon,GOODLETTSVILLE,TN,US,36.32485,-86.70239
976,0245302500,Exxon,Exxon,MADISON,TN,US,36.25475,-86.71554
977,0836629600,Exxon,Exxon,MURFREESBORO,TN,US,35.7861,-86.4007
978,0133602300,Exxon,Exxon,RINGGOLD,GA,US,34.9058,-85.13082
979,0155125800,Shell,Shell,OOLTEWAH,TN,US,35.08658,-85.07234
980,0963498100,Exxon,Exxon,FRANKLIN,TN,US,35.9461,-86.82534
981,0252870100,Exxon,Exxon,NASHVILLE,TN,US,36.10184,-86.81785
982,0436490700,Exxon,Exxon,NASHVILLE,TN,US,36.10637,-86.81359
983,0805497500,Exxon,Exxon,NASHVILLE,TN,US,36.07491,-86.91957
984,0229003900,Exxon,Exxon,HERMITAGE,TN,US,36.21521,-86.59764
985,0601214000,Exxon,Exxon,HERMITAGE,TN,US,36.18333,-86.60983
986,0741639900,Exxon,Exxon,LEBANON,TN,US,36.18619,-86.29727
987,0115747800,Exxon,Exxon,MOUNT JULIET,TN,US,36.17351,-86.51306
988,0859219800,Exxon,Exxon,MURFREESBORO,TN,US,35.85224,-86.46856
989,0119900900,Exxon,Exxon,MURFREESBORO,TN,US,35.81598,-86.39622
990,0688411800,Exxon,Exxon,MURFREESBORO,TN,US,35.83614,-86.3734
991,0795245000,Exxon,Exxon,MURFREESBORO,TN,US,35.87224,-86.35646
992,0464477900,Exxon,Exxon,NASHVILLE,TN,US,36.04601,-86.70868
993,0837020700,Exxon,Exxon,NASHVILLE,TN,US,36.08689,-86.69627
994,0377216700,Exxon,Exxon,NASHVILLE,TN,US,36.09061,-86.62752
995,0341898500,Sunoco,Sunoco,RICHMOND,VA,US,0,0
996,0757607700,Sunoco,Sunoco,RICHMOND,VA,US,37.56178,-77.37557
997,0588689000,Sunoco,Sunoco,RICHMOND,VA,US,37.48004,-77.51065
998,0491643300,Sunoco,Sunoco,RICHMOND,VA,US,37.554581,-77.456226
999,0460725500,Sunoco,Sunoco,LA CROSSE,VA,US,36.7094,-78.1086
